"updatedAt","title","summaryPreview","link","pubDate"
"2026-05-02T12:10:11.279Z","소원관문=갓바위, 공룡관문=도심 화석, 치맥관문=닭벌판(달구벌)…대법...","그 기반 위에서 멕시칸치킨·스머프치킨·멕시카나·페리카나·교촌치킨·처갓집양념치킨·호식이두마리치킨·종국이두마리치킨·땅땅치킨·치맥킹 등 치킨 프랜차이즈 브랜드들이 탄생했다. 이후 치킨에...","https://n.news.naver.com/mnews/article/088/0001008106?sid=102","Sat, 02 May 2026 16:01:00 +0900"
"2026-05-02T12:10:11.279Z","유행 쫓다 지쳤다…먹거리 선택, 결국 ‘검증된 맛’으로 돌아왔다","올해로 창립 35주년을 맞은 교촌치킨은 간장·레드·허니 등 대표 소스를 중심으로 브랜드 정체성을 구축해왔다. 수십 년간 유지해온 맛에 대한 신뢰가 쌓이면서 ‘검증된 메뉴’를 찾는...","https://n.news.naver.com/mnews/article/022/0004125228?sid=101","Sat, 02 May 2026 08:24:00 +0900"
"2026-05-02T12:10:11.279Z","지원금 풀리자 ‘동네 프랜차이즈’ 먼저 움직였다…버거·치킨·편의점...","bhc와 교촌치킨은 전국 가맹망을 기반으로 지역 상권과의 접점을 넓히고 있다. 배달 중심 구조를 유지하면서도 매장 방문과 포장 수요를 동시에 끌어들이는 전략이다. 지원금 사용 가능...","https://n.news.naver.com/mnews/article/022/0004125227?sid=101","Sat, 02 May 2026 07:30:00 +0900"
"2026-05-02T12:10:11.279Z","AI 여파에 닭고기 가격 오름세…가정의 달·월드컵 수요 고비","국내 치킨 프랜차이즈 빅3(bhc·BBQ·교촌치킨)는 모두 당분간 가격을 올리지 않겠다는 방침을 유지하기로 했다. 치킨이 대표 외식 메뉴로 자리 잡은 만큼 가격 인상에 따른 소비자...","https://n.news.naver.com/mnews/article/008/0005352133?sid=101","Fri, 01 May 2026 10:00:00 +0900"
"2026-05-02T12:10:11.279Z","""엄만 간장마늘, 아빤 올리브, 난 마라인데..."" 어린이날 치킨 뭐 먹지?...","머니투데이가 국내 3대 치킨업체(지난해 매출 기준)인 bhc와 BBQ, 교촌치킨 등이 자신있게 내놓은 가정의 달 맞춤형 '킬러' 메뉴를 소개한다. 다이닝브랜즈그룹의 치킨 브랜드 b...","https://n.news.naver.com/mnews/article/008/0005352079?sid=101","Fri, 01 May 2026 06:00:00 +0900"
"2026-05-02T12:10:11.279Z","외식업계, 취향 존중 '반반 메뉴'로 승부수","교촌치킨 역시 인기 소스를 다양하게 즐기고 싶어 하는 소비자 니즈를 반영해 '반반윙박스 20p'를 출시하며 윙 제품 라인업을 대폭 확대했다. 간장과 레드, 허니갈릭과 마라레드 등...","https://www.pinpointnews.co.kr/news/articleView.html?idxno=450038","Fri, 01 May 2026 05:00:00 +0900"
"2026-05-02T12:10:11.279Z","[Food & NOW] 동원그룹, '2026 브랜드 고객충성도 대상' 7개 부문 수상 등","교촌, 현대백화점 판교점 팝업 운영 교촌치킨을 운영하는 교촌에프앤는 현대백화점 판교점에서브랜드 팝업스토어를 선보였다고 30일 밝혔다. 이번 팝업스토어는 '우리의 좋은 맛'을 콘셉트...","https://www.ebn.co.kr/news/articleView.html?idxno=1707399","Thu, 30 Apr 2026 20:00:00 +0900"
"2026-05-02T12:10:11.279Z","배스킨라빈스 시몬스침대 스타벅스 外(여기 유통 이슈)","특히 '치막(치킨+막걸리)' 페어링이 큰 호응을 얻었습니다. 팝업 한정 메뉴인 '청귤순살' 등은 연일 완판을 기록하며 교촌그룹의 다채로운 브랜드 가치를 고객들에게 성공적으로 전달했...","https://www.newsclaim.co.kr/news/articleView.html?idxno=3062426","Thu, 30 Apr 2026 17:34:00 +0900"
"2026-05-02T12:10:11.279Z","[나눔 트렌드] 희망친구 기아대책, 어린이날 앞두고 롯데마트·슈퍼와 ...","ⓒ한국지역아동센터연합회 한국지역아동센터연합회(대표 옥경원, 이하 연합회)는 국내 대표 치킨 프랜차이즈 '교촌치킨'을 운영하는 교촌에프앤비의 후원을 통해 '제5회 아동건강 지원사업'...","https://www.ibabynews.com/news/articleView.html?idxno=150974","Thu, 30 Apr 2026 16:56:00 +0900"
"2026-05-02T12:10:11.279Z","치킨·외식업계 자사앱 락인 경쟁 이유는?","치킨업계에서는 bhc와 교촌치킨이 대표적인 사례다. 다이닝브랜즈그룹이 운영하는 bhc는 올해 2월 멤버십 기반의 신규 자사 앱을 선보였다. 출시 7개월 만에 누적 가입자 150만...","http://www.updownnews.co.kr/news/articleView.html?idxno=317073","Thu, 30 Apr 2026 16:32:00 +0900"
